Wk,Day,Date,Time,Home,xG,Score,xG,Away,Attendance,Venue,Referee,Match Report,Notes
1,Fri,2022-08-12,21:00 (15:00),Osasuna,1.5,2–1,0.9,Sevilla,18536,Estadio El Sadar,Carlos del Cerro,Match Report,
1,Sat,2022-08-13,17:00 (11:00),Celta Vigo,0.4,2–2,1.1,Espanyol,13859,Estadio de Balaídos,Miguel Ángel Ortiz Arias,Match Report,
1,Sat,2022-08-13,19:00 (13:00),Valladolid,1.0,0–3,1.5,Villarreal,17543,Estadio Municipal José Zorrilla,Mario Melero,Match Report,
1,Sat,2022-08-13,21:00 (15:00),Barcelona,1.9,0–0,0.5,Rayo Vallecano,81104,Camp Nou,Alejandro Hernández,Match Report,
1,Sun,2022-08-14,17:30 (11:30),Cádiz,0.2,0–1,1.5,Real Sociedad,16570,Estadio Nuevo Mirandilla,Isidro Díaz de Mera,Match Report,
1,Sun,2022-08-14,19:30 (13:30),Valencia,1.6,1–0,0.1,Girona,39359,Estadio de Mestalla,Jorge Figueroa,Match Report,
1,Sun,2022-08-14,22:00 (16:00),Almería,0.7,1–2,2.1,Real Madrid,14386,Power Horse Stadium,Juan Martínez,Match Report,
1,Mon,2022-08-15,17:30 (11:30),Athletic Club,1.6,0–0,0.4,Mallorca,39747,San Mamés,Javier Villanueva,Match Report,
1,Mon,2022-08-15,19:30 (13:30),Getafe,0.7,0–3,1.2,Atlético Madrid,12235,Coliseum Alfonso Pérez,José Sánchez,Match Report,
1,Mon,2022-08-15,21:30 (15:30),Betis,3.1,3–0,0.4,Elche,50622,Estadio Benito Villamarín,Guillermo Cuadra,Match Report,
,,,,,,,,,,,,,
2,Fri,2022-08-19,20:00 (14:00),Espanyol,0.8,0–2,1.4,Rayo Vallecano,16071,RCDE Stadium,Jorge Figueroa,Match Report,
2,Fri,2022-08-19,22:00 (16:00),Sevilla,2.0,1–1,0.5,Valladolid,33991,Estadio Ramón Sánchez Pizjuán,Juan Pulido,Match Report,
2,Sat,2022-08-20,17:30 (11:30),Osasuna,2.7,2–0,1.0,Cádiz,18587,Estadio El Sadar,Antonio Matéu Lahoz,Match Report,
2,Sat,2022-08-20,19:30 (13:30),Mallorca,0.6,1–2,2.1,Betis,15579,Iberostar Estadi,Pablo González,Match Report,
2,Sat,2022-08-20,22:00 (16:00),Celta Vigo,1.4,1–4,3.7,Real Madrid,15681,Estadio de Balaídos,Jesús Gil,Match Report,
2,Sun,2022-08-21,17:30 (11:30),Athletic Club,1.0,1–0,0.7,Valencia,43333,San Mamés,César Soto,Match Report,
2,Sun,2022-08-21,19:30 (13:30),Atlético Madrid,1.6,0–2,1.8,Villarreal,57033,Estadio Cívitas Metropolitano,Ricardo de Burgos,Match Report,
2,Sun,2022-08-21,22:00 (16:00),Real Sociedad,0.8,1–4,2.1,Barcelona,36201,Reale Arena,José Luis Munuera,Match Report,
2,Mon,2022-08-22,20:00 (14:00),Elche,1.0,1–1,0.7,Almería,23361,Estadio Manuel Martínez Valero,Isidro Díaz de Mera,Match Report,
2,Mon,2022-08-22,22:00 (16:00),Girona,1.1,3–1,0.6,Getafe,10460,Estadi Municipal de Montilivi,Alejandro Muñíz,Match Report,
,,,,,,,,,,,,,
3,Fri,2022-08-26,20:00 (14:00),Girona,1.0,0–1,1.0,Celta Vigo,11329,Estadi Municipal de Montilivi,Carlos del Cerro,Match Report,
3,Fri,2022-08-26,22:00 (16:00),Betis,0.5,1–0,1.3,Osasuna,52580,Estadio Benito Villamarín,Juan Martínez,Match Report,
3,Sat,2022-08-27,17:30 (11:30),Elche,0.7,0–1,1.8,Real Sociedad,22656,Estadio Manuel Martínez Valero,Javier Villanueva,Match Report,
3,Sat,2022-08-27,19:30 (13:30),Rayo Vallecano,0.7,0–2,0.8,Mallorca,10944,Estadio del Rayo Vallecano,José Sánchez,Match Report,
3,Sat,2022-08-27,22:00 (16:00),Almería,2.3,2–1,1.0,Sevilla,13788,Power Horse Stadium,Jesús Gil,Match Report,
3,Sun,2022-08-28,17:30 (11:30),Getafe,0.3,0–0,1.1,Villarreal,9815,Coliseum Alfonso Pérez,Jorge Figueroa,Match Report,
3,Sun,2022-08-28,19:30 (13:30),Barcelona,2.6,4–0,0.8,Valladolid,83972,Camp Nou,Ricardo de Burgos,Match Report,
3,Sun,2022-08-28,22:00 (16:00),Espanyol,1.3,1–3,2.1,Real Madrid,25778,RCDE Stadium,Mario Melero,Match Report,
3,Mon,2022-08-29,20:00 (14:00),Cádiz,0.4,0–4,2.4,Athletic Club,17029,Estadio Nuevo Mirandilla,Miguel Ángel Ortiz Arias,Match Report,
3,Mon,2022-08-29,22:00 (16:00),Valencia,0.5,0–1,1.5,Atlético Madrid,43910,Estadio de Mestalla,Guillermo Cuadra,Match Report,
,,,,,,,,,,,,,
4,Fri,2022-09-02,21:00 (15:00),Celta Vigo,0.7,3–0,0.3,Cádiz,14510,Estadio de Balaídos,Juan Pulido,Match Report,
4,Sat,2022-09-03,14:00 (08:00),Mallorca,0.7,1–1,1.2,Girona,13390,Iberostar Estadi,Isidro Díaz de Mera,Match Report,
4,Sat,2022-09-03,16:15 (10:15),Real Madrid,2.9,2–1,0.5,Betis,58579,Estadio Santiago Bernabéu,José Sánchez,Match Report,
4,Sat,2022-09-03,18:30 (12:30),Real Sociedad,1.5,1–1,1.4,Atlético Madrid,35366,Reale Arena,César Soto,Match Report,
4,Sat,2022-09-03,21:00 (15:00),Sevilla,1.0,0–3,4.0,Barcelona,40233,Estadio Ramón Sánchez Pizjuán,Antonio Matéu Lahoz,Match Report,
4,Sun,2022-09-04,14:00 (08:00),Osasuna,2.0,2–1,0.2,Rayo Vallecano,18745,Estadio El Sadar,Alejandro Muñíz,Match Report,
4,Sun,2022-09-04,16:15 (10:15),Athletic Club,1.2,0–1,0.6,Espanyol,41574,San Mamés,Juan Martínez,Match Report,
4,Sun,2022-09-04,18:30 (12:30),Villarreal,3.4,4–0,0.6,Elche,13915,Estadio Ciudad de Valencia,Miguel Ángel Ortiz Arias,Match Report,
4,Sun,2022-09-04,21:00 (15:00),Valencia,2.3,5–1,0.2,Getafe,38725,Estadio de Mestalla,José Luis Munuera,Match Report,
4,Mon,2022-09-05,21:00 (15:00),Valladolid,1.2,1–0,0.5,Almería,20260,Estadio Municipal José Zorrilla,Pablo González,Match Report,
,,,,,,,,,,,,,
5,Fri,2022-09-09,21:00 (15:00),Girona,1.7,2–1,0.6,Valladolid,10053,Estadi Municipal de Montilivi,César Soto,Match Report,
5,Sat,2022-09-10,14:00 (08:00),Rayo Vallecano,1.7,2–1,1.7,Valencia,12085,Estadio del Rayo Vallecano,Jesús Gil,Match Report,
5,Sat,2022-09-10,16:15 (10:15),Espanyol,2.5,2–3,2.0,Sevilla,20135,RCDE Stadium,Guillermo Cuadra,Match Report,
5,Sat,2022-09-10,18:30 (12:30),Cádiz,0.4,0–4,3.4,Barcelona,19530,Estadio Nuevo Mirandilla,Carlos del Cerro,Match Report,
5,Sat,2022-09-10,21:00 (15:00),Atlético Madrid,0.7,4–1,1.7,Celta Vigo,52247,Estadio Cívitas Metropolitano,Alejandro Hernández,Match Report,
5,Sun,2022-09-11,14:00 (08:00),Real Madrid,2.3,4–1,0.5,Mallorca,54816,Estadio Santiago Bernabéu,Jorge Figueroa,Match Report,
5,Sun,2022-09-11,16:15 (10:15),Elche,0.9,1–4,2.7,Athletic Club,24176,Estadio Manuel Martínez Valero,Mario Melero,Match Report,
5,Sun,2022-09-11,18:30 (12:30),Getafe,1.1,2–1,1.2,Real Sociedad,11112,Coliseum Alfonso Pérez,Juan Pulido,Match Report,
5,Sun,2022-09-11,21:00 (15:00),Betis,1.9,1–0,1.7,Villarreal,53276,Estadio Benito Villamarín,Ricardo de Burgos,Match Report,
5,Mon,2022-09-12,21:00 (15:00),Almería,0.2,0–1,2.0,Osasuna,12397,Power Horse Stadium,Javier Villanueva,Match Report,
,,,,,,,,,,,,,
6,Fri,2022-09-16,21:00 (15:00),Valladolid,1.5,0–1,0.3,Cádiz,20295,Estadio Municipal José Zorrilla,José Sánchez,Match Report,
6,Sat,2022-09-17,14:00 (08:00),Mallorca,0.6,1–0,0.4,Almería,12687,Iberostar Estadi,Juan Martínez,Match Report,
6,Sat,2022-09-17,16:15 (10:15),Barcelona,3.9,3–0,0.0,Elche,85073,Camp Nou,Alejandro Muñíz,Match Report,
6,Sat,2022-09-17,18:30 (12:30),Valencia,1.7,3–0,0.5,Celta Vigo,40965,Estadio de Mestalla,Pablo González,Match Report,
6,Sat,2022-09-17,21:00 (15:00),Athletic Club,1.9,3–2,0.7,Rayo Vallecano,43484,San Mamés,Antonio Matéu Lahoz,Match Report,
6,Sun,2022-09-18,14:00 (08:00),Osasuna,0.5,0–2,0.8,Getafe,18255,Estadio El Sadar,Isidro Díaz de Mera,Match Report,
6,Sun,2022-09-18,16:15 (10:15),Villarreal,1.5,1–1,0.6,Sevilla,18292,Estadio Ciudad de Valencia,Alejandro Hernández,Match Report,
6,Sun,2022-09-18,18:30 (12:30),Betis,1.6,2–1,1.3,Girona,52229,Estadio Benito Villamarín,Miguel Ángel Ortiz Arias,Match Report,
6,Sun,2022-09-18,18:30 (12:30),Real Sociedad,1.9,2–1,0.8,Espanyol,31511,Reale Arena,Carlos del Cerro,Match Report,
6,Sun,2022-09-18,21:00 (15:00),Atlético Madrid,1.0,1–2,0.9,Real Madrid,66881,Estadio Cívitas Metropolitano,José Luis Munuera,Match Report,
,,,,,,,,,,,,,
7,Fri,2022-09-30,21:00 (15:00),Athletic Club,2.1,4–0,0.7,Almería,42110,San Mamés,Juan Pulido,Match Report,
7,Sat,2022-10-01,14:00 (08:00),Cádiz,0.7,0–0,1.6,Villarreal,15516,Estadio Nuevo Mirandilla,Javier Villanueva,Match Report,
7,Sat,2022-10-01,16:15 (10:15),Getafe,2.8,2–3,1.6,Valladolid,10958,Coliseum Alfonso Pérez,Alejandro Muñíz,Match Report,
7,Sat,2022-10-01,18:30 (12:30),Sevilla,0.5,0–2,2.2,Atlético Madrid,37754,Estadio Ramón Sánchez Pizjuán,Ricardo de Burgos,Match Report,
7,Sat,2022-10-01,21:00 (15:00),Mallorca,1.2,0–1,0.7,Barcelona,18103,Iberostar Estadi,Jesús Gil,Match Report,
7,Sun,2022-10-02,14:00 (08:00),Espanyol,0.8,2–2,1.1,Valencia,19766,RCDE Stadium,Valentín Pizarro,Match Report,
7,Sun,2022-10-02,16:15 (10:15),Celta Vigo,0.9,1–0,0.9,Betis,14344,Estadio de Balaídos,César Soto,Match Report,
7,Sun,2022-10-02,18:30 (12:30),Girona,1.0,3–5,2.1,Real Sociedad,12217,Estadi Municipal de Montilivi,Mario Melero,Match Report,
7,Sun,2022-10-02,21:00 (15:00),Real Madrid,2.5,1–1,0.5,Osasuna,55410,Estadio Santiago Bernabéu,Guillermo Cuadra,Match Report,
7,Mon,2022-10-03,21:00 (15:00),Rayo Vallecano,0.9,2–1,1.1,Elche,11662,Estadio del Rayo Vallecano,Jorge Figueroa,Match Report,
,,,,,,,,,,,,,
8,Fri,2022-10-07,21:00 (15:00),Osasuna,1.6,1–2,2.1,Valencia,20260,Estadio El Sadar,Miguel Ángel Ortiz Arias,Match Report,
8,Sat,2022-10-08,14:00 (08:00),Almería,1.2,3–1,0.8,Rayo Vallecano,10783,Power Horse Stadium,Pablo González,Match Report,
8,Sat,2022-10-08,16:15 (10:15),Atlético Madrid,1.9,2–1,0.8,Girona,54069,Estadio Cívitas Metropolitano,Juan Martínez,Match Report,
8,Sat,2022-10-08,18:30 (12:30),Sevilla,1.0,1–1,1.7,Athletic Club,36502,Estadio Ramón Sánchez Pizjuán,Jesús Gil,Match Report,
8,Sat,2022-10-08,21:00 (15:00),Getafe,0.3,0–1,1.4,Real Madrid,14502,Coliseum Alfonso Pérez,Antonio Matéu Lahoz,Match Report,
8,Sun,2022-10-09,14:00 (08:00),Valladolid,0.6,0–0,0.5,Betis,22561,Estadio Municipal José Zorrilla,Carlos del Cerro,Match Report,
8,Sun,2022-10-09,16:15 (10:15),Cádiz,1.3,2–2,1.3,Espanyol,16572,Estadio Nuevo Mirandilla,Alejandro Hernández,Match Report,
8,Sun,2022-10-09,18:30 (12:30),Real Sociedad,1.2,1–0,0.2,Villarreal,32689,Reale Arena,César Soto,Match Report,
8,Sun,2022-10-09,21:00 (15:00),Barcelona,2.0,1–0,1.5,Celta Vigo,81525,Camp Nou,José Luis Munuera,Match Report,
8,Mon,2022-10-10,21:00 (15:00),Elche,0.5,1–1,2.3,Mallorca,12000,Estadio Manuel Martínez Valero,Valentín Pizarro,Match Report,
,,,,,,,,,,,,,
9,Fri,2022-10-14,21:00 (15:00),Rayo Vallecano,1.6,0–0,0.4,Getafe,13076,Estadio del Rayo Vallecano,Mario Melero,Match Report,
9,Sat,2022-10-15,14:00 (08:00),Girona,2.3,1–1,1.1,Cádiz,9927,Estadi Municipal de Montilivi,Ricardo de Burgos,Match Report,
9,Sat,2022-10-15,16:15 (10:15),Valencia,2.7,2–2,1.7,Elche,41805,Estadio de Mestalla,Juan Pulido,Match Report,
9,Sat,2022-10-15,18:30 (12:30),Mallorca,0.7,0–1,0.2,Sevilla,15300,Iberostar Estadi,Javier Villanueva,Match Report,
9,Sat,2022-10-15,21:00 (15:00),Athletic Club,1.2,0–1,0.3,Atlético Madrid,48391,San Mamés,Jorge Figueroa,Match Report,
9,Sun,2022-10-16,14:00 (08:00),Celta Vigo,0.5,1–2,0.8,Real Sociedad,13101,Estadio de Balaídos,Guillermo Cuadra,Match Report,
9,Sun,2022-10-16,16:15 (10:15),Real Madrid,1.1,3–1,2.0,Barcelona,62876,Estadio Santiago Bernabéu,José Sánchez,Match Report,
9,Sun,2022-10-16,18:30 (12:30),Espanyol,1.3,1–0,0.7,Valladolid,17770,RCDE Stadium,Antonio Matéu Lahoz,Match Report,
9,Sun,2022-10-16,21:00 (15:00),Betis,2.5,3–1,0.8,Almería,46112,Estadio Benito Villamarín,Alejandro Muñíz,Match Report,
9,Mon,2022-10-17,21:00 (15:00),Villarreal,1.5,2–0,0.5,Osasuna,9699,Estadio Ciudad de Valencia,Pablo González,Match Report,
,,,,,,,,,,,,,
10,Tue,2022-10-18,19:00 (13:00),Sevilla,1.1,1–1,1.8,Valencia,37353,Estadio Ramón Sánchez Pizjuán,César Soto,Match Report,
10,Tue,2022-10-18,20:00 (14:00),Getafe,0.8,2–2,1.0,Athletic Club,11395,Coliseum Alfonso Pérez,José Luis Munuera,Match Report,
10,Tue,2022-10-18,21:00 (15:00),Atlético Madrid,1.1,1–1,1.8,Rayo Vallecano,46803,Estadio Cívitas Metropolitano,Javier Villanueva,Match Report,
10,Wed,2022-10-19,19:00 (13:00),Cádiz,0.9,0–0,0.9,Betis,18505,Estadio Nuevo Mirandilla,Antonio Matéu Lahoz,Match Report,
10,Wed,2022-10-19,19:00 (13:00),Valladolid,1.5,4–1,2.6,Celta Vigo,16547,Estadio Municipal José Zorrilla,Valentín Pizarro,Match Report,
10,Wed,2022-10-19,20:00 (14:00),Real Sociedad,1.2,1–0,0.9,Mallorca,27085,Reale Arena,Miguel Ángel Ortiz Arias,Match Report,
10,Wed,2022-10-19,21:00 (15:00),Elche,0.8,0–3,1.5,Real Madrid,30236,Estadio Manuel Martínez Valero,Jesús Gil,Match Report,
10,Thu,2022-10-20,19:00 (13:00),Almería,1.8,3–2,2.8,Girona,11194,Power Horse Stadium,Guillermo Cuadra,Match Report,
10,Thu,2022-10-20,20:00 (14:00),Osasuna,1.0,1–0,1.0,Espanyol,17832,Estadio El Sadar,Mario Melero,Match Report,
10,Thu,2022-10-20,21:00 (15:00),Barcelona,2.1,3–0,0.4,Villarreal,73261,Camp Nou,Carlos del Cerro,Match Report,
,,,,,,,,,,,,,
11,Sat,2022-10-22,14:00 (08:00),Rayo Vallecano,3.7,5–1,0.2,Cádiz,12975,Estadio del Rayo Vallecano,Alejandro Muñíz,Match Report,
11,Sat,2022-10-22,16:15 (10:15),Valladolid,0.8,1–0,0.9,Real Sociedad,21175,Estadio Municipal José Zorrilla,Jorge Figueroa,Match Report,
11,Sat,2022-10-22,18:30 (12:30),Valencia,1.2,1–2,1.5,Mallorca,41199,Estadio de Mestalla,José Sánchez,Match Report,
11,Sat,2022-10-22,21:00 (15:00),Real Madrid,3.0,3–1,0.5,Sevilla,59625,Estadio Santiago Bernabéu,Alejandro Hernández,Match Report,
11,Sun,2022-10-23,14:00 (08:00),Espanyol,2.2,2–2,0.5,Elche,17560,RCDE Stadium,José Luis Munuera,Match Report,
11,Sun,2022-10-23,16:15 (10:15),Betis,1.4,1–2,0.8,Atlético Madrid,50179,Estadio Benito Villamarín,Jesús Gil,Match Report,
11,Sun,2022-10-23,18:30 (12:30),Girona,0.4,1–1,0.6,Osasuna,10032,Estadi Municipal de Montilivi,Juan Pulido,Match Report,
11,Sun,2022-10-23,18:30 (12:30),Villarreal,1.0,2–1,1.0,Almería,13816,Estadio Ciudad de Valencia,Ricardo de Burgos,Match Report,
11,Sun,2022-10-23,21:00 (15:00),Barcelona,1.4,4–0,0.5,Athletic Club,84817,Camp Nou,Juan Martínez,Match Report,
11,Mon,2022-10-24,21:00 (15:00),Celta Vigo,0.7,1–1,0.2,Getafe,9774,Estadio de Balaídos,Pablo González,Match Report,
,,,,,,,,,,,,,
12,Fri,2022-10-28,21:00 (15:00),Mallorca,1.4,1–1,0.3,Espanyol,13982,Iberostar Estadi,Isidro Díaz de Mera,Match Report,
12,Sat,2022-10-29,14:00 (08:00),Almería,2.3,3–1,0.3,Celta Vigo,11080,Power Horse Stadium,Carlos del Cerro,Match Report,
12,Sat,2022-10-29,16:15 (10:15),Cádiz,1.1,3–2,1.3,Atlético Madrid,18183,Estadio Nuevo Mirandilla,José Sánchez,Match Report,
12,Sat,2022-10-29,18:30 (12:30),Sevilla,1.2,0–1,0.7,Rayo Vallecano,36601,Estadio Ramón Sánchez Pizjuán,Antonio Matéu Lahoz,Match Report,
12,Sat,2022-10-29,21:00 (15:00),Valencia,0.2,0–1,1.6,Barcelona,46007,Estadio de Mestalla,Ricardo de Burgos,Match Report,
12,Sun,2022-10-30,14:00 (09:00),Osasuna,2.5,2–0,0.5,Valladolid,19429,Estadio El Sadar,Guillermo Cuadra,Match Report,
12,Sun,2022-10-30,16:15 (11:15),Real Madrid,2.9,1–1,1.4,Girona,58367,Estadio Santiago Bernabéu,Mario Melero,Match Report,
12,Sun,2022-10-30,18:30 (13:30),Athletic Club,1.7,1–0,0.3,Villarreal,46081,San Mamés,Miguel Ángel Ortiz Arias,Match Report,
12,Sun,2022-10-30,21:00 (16:00),Real Sociedad,0.9,0–2,1.3,Betis,32435,Reale Arena,Javier Villanueva,Match Report,
12,Mon,2022-10-31,21:00 (16:00),Elche,1.3,0–1,0.4,Getafe,19588,Estadio Manuel Martínez Valero,César Soto,Match Report,
,,,,,,,,,,,,,
13,Fri,2022-11-04,21:00 (16:00),Girona,1.0,2–1,0.7,Athletic Club,11420,Estadi Municipal de Montilivi,Valentín Pizarro,Match Report,
13,Sat,2022-11-05,14:00 (09:00),Getafe,0.6,0–0,1.4,Cádiz,10554,Coliseum Alfonso Pérez,Alejandro Hernández,Match Report,
13,Sat,2022-11-05,16:15 (11:15),Valladolid,1.9,2–1,0.2,Elche,20176,Estadio Municipal José Zorrilla,Ricardo de Burgos,Match Report,
13,Sat,2022-11-05,18:30 (13:30),Celta Vigo,0.7,1–2,0.4,Osasuna,14209,Estadio de Balaídos,Jorge Figueroa,Match Report,
13,Sat,2022-11-05,21:00 (16:00),Barcelona,4.0,2–0,0.5,Almería,92605,Camp Nou,Pablo González,Match Report,
13,Sun,2022-11-06,14:00 (08:00),Atlético Madrid,1.9,1–1,0.7,Espanyol,50007,Estadio Cívitas Metropolitano,Juan Pulido,Match Report,
13,Sun,2022-11-06,16:15 (10:15),Real Sociedad,1.1,1–1,0.9,Valencia,32773,Reale Arena,José Luis Munuera,Match Report,
13,Sun,2022-11-06,18:30 (12:30),Villarreal,0.5,0–2,0.4,Mallorca,16603,Estadio Ciudad de Valencia,Alejandro Muñíz,Match Report,
13,Sun,2022-11-06,21:00 (15:00),Betis,1.0,1–1,1.5,Sevilla,54034,Estadio Benito Villamarín,José Sánchez,Match Report,
13,Mon,2022-11-07,21:00 (15:00),Rayo Vallecano,1.5,3–2,2.4,Real Madrid,14216,Estadio del Rayo Vallecano,Juan Martínez,Match Report,
,,,,,,,,,,,,,
14,Tue,2022-11-08,19:00 (13:00),Elche,0.6,1–2,2.3,Girona,17339,Estadio Manuel Martínez Valero,Pablo González,Match Report,
14,Tue,2022-11-08,20:00 (14:00),Athletic Club,2.1,3–0,0.5,Valladolid,40072,San Mamés,Isidro Díaz de Mera,Match Report,
14,Tue,2022-11-08,21:30 (15:30),Osasuna,1.0,1–2,0.8,Barcelona,21603,Estadio El Sadar,Jesús Gil,Match Report,
14,Wed,2022-11-09,19:00 (13:00),Almería,0.5,1–0,0.4,Getafe,11454,Power Horse Stadium,Alejandro Muñíz,Match Report,
14,Wed,2022-11-09,19:00 (13:00),Sevilla,0.6,1–2,1.7,Real Sociedad,34814,Estadio Ramón Sánchez Pizjuán,Carlos del Cerro,Match Report,
14,Wed,2022-11-09,20:00 (14:00),Espanyol,1.1,0–1,0.7,Villarreal,17400,RCDE Stadium,Javier Villanueva,Match Report,
14,Wed,2022-11-09,21:30 (15:30),Mallorca,1.3,1–0,1.3,Atlético Madrid,14475,Iberostar Estadi,Mario Melero,Match Report,
14,Thu,2022-11-10,19:00 (13:00),Rayo Vallecano,0.4,0–0,0.9,Celta Vigo,12419,Estadio del Rayo Vallecano,José Luis Munuera,Match Report,
14,Thu,2022-11-10,20:00 (14:00),Valencia,2.0,3–0,0.2,Betis,39876,Estadio de Mestalla,Miguel Ángel Ortiz Arias,Match Report,
14,Thu,2022-11-10,21:30 (15:30),Real Madrid,2.0,2–1,0.9,Cádiz,53190,Estadio Santiago Bernabéu,César Soto,Match Report,
,,,,,,,,,,,,,
15,Thu,2022-12-29,17:00 (11:00),Girona,2.3,2–2,1.0,Rayo Vallecano,11451,Estadi Municipal de Montilivi,Jorge Figueroa,Match Report,
15,Thu,2022-12-29,19:15 (13:15),Betis,0.5,0–0,0.4,Athletic Club,53565,Estadio Benito Villamarín,Alejandro Hernández,Match Report,
15,Thu,2022-12-29,21:30 (15:30),Atlético Madrid,1.7,2–0,0.4,Elche,48119,Estadio Cívitas Metropolitano,Guillermo Cuadra,Match Report,
15,Fri,2022-12-30,17:00 (11:00),Getafe,1.2,2–0,0.6,Mallorca,9755,Coliseum Alfonso Pérez,Alberola Rojas,Match Report,
15,Fri,2022-12-30,19:15 (13:15),Cádiz,1.3,1–1,2.3,Almería,17345,Estadio Nuevo Mirandilla,Juan Martínez,Match Report,
15,Fri,2022-12-30,19:15 (13:15),Celta Vigo,2.0,1–1,0.7,Sevilla,13653,Estadio de Balaídos,Ricardo de Burgos,Match Report,
15,Fri,2022-12-30,21:30 (15:30),Valladolid,0.6,0–2,2.3,Real Madrid,25950,Estadio Municipal José Zorrilla,José Luis Munuera,Match Report,
15,Sat,2022-12-31,14:00 (08:00),Barcelona,2.2,1–1,0.9,Espanyol,88095,Camp Nou,Antonio Matéu,Match Report,
15,Sat,2022-12-31,16:15 (10:15),Real Sociedad,1.4,2–0,0.4,Osasuna,34847,Reale Arena,Valentín Pizarro,Match Report,
15,Sat,2022-12-31,16:15 (10:15),Villarreal,2.5,2–1,1.4,Valencia,19247,Estadio Ciudad de Valencia,José Sánchez,Match Report,
,,,,,,,,,,,,,
16,Fri,2023-01-06,18:30 (12:30),Elche,1.0,0–1,2.0,Celta Vigo,20121,Estadio Manuel Martínez Valero,Miguel Ángel Ortiz Arias,Match Report,
16,Fri,2023-01-06,21:00 (15:00),Valencia,0.4,0–1,0.4,Cádiz,39003,Estadio de Mestalla,Pablo González,Match Report,
16,Sat,2023-01-07,16:15 (10:15),Villarreal,3.0,2–1,2.2,Real Madrid,21088,Estadio de la Cerámica,César Soto,Match Report,
16,Sat,2023-01-07,18:30 (12:30),Mallorca,1.2,1–0,0.6,Valladolid,14129,Iberostar Estadi,Valentín Pizarro,Match Report,
16,Sat,2023-01-07,21:00 (15:00),Espanyol,1.5,2–2,1.2,Girona,21429,RCDE Stadium,Carlos del Cerro,Match Report,
16,Sun,2023-01-08,14:00 (08:00),Almería,0.6,0–2,1.7,Real Sociedad,12020,Power Horse Stadium,Alberola Rojas,Match Report,
16,Sun,2023-01-08,16:15 (10:15),Rayo Vallecano,1.6,1–2,0.9,Betis,13119,Estadio del Rayo Vallecano,Isidro Díaz de Mera,Match Report,
16,Sun,2023-01-08,18:30 (12:30),Sevilla,1.2,2–1,0.7,Getafe,35389,Estadio Ramón Sánchez Pizjuán,Juan Martínez,Match Report,
16,Sun,2023-01-08,21:00 (15:00),Atlético Madrid,1.7,0–1,0.7,Barcelona,63493,Estadio Cívitas Metropolitano,José Luis Munuera,Match Report,
16,Mon,2023-01-09,21:00 (15:00),Athletic Club,1.0,0–0,0.4,Osasuna,39216,San Mamés,Mario Melero,Match Report,
,,,,,,,,,,,,,
17,Fri,2023-01-13,21:00 (15:00),Celta Vigo,2.1,1–1,0.1,Villarreal,13931,Estadio de Balaídos,Alberola Rojas,Match Report,
17,Sat,2023-01-14,14:00 (08:00),Valladolid,0.6,0–1,1.1,Rayo Vallecano,19969,Estadio Municipal José Zorrilla,Mario Melero,Match Report,
17,Sat,2023-01-14,16:15 (10:15),Girona,2.2,2–1,1.1,Sevilla,12035,Estadi Municipal de Montilivi,Valentín Pizarro,Match Report,
17,Sat,2023-01-14,18:30 (12:30),Osasuna,1.6,1–0,0.5,Mallorca,19887,Estadio El Sadar,César Soto,Match Report,
17,Sat,2023-01-14,21:00 (15:00),Real Sociedad,2.0,3–1,0.3,Athletic Club,38296,Reale Arena,Guillermo Cuadra,Match Report,
17,Sun,2023-01-15,14:00 (08:00),Getafe,0.5,1–2,0.8,Espanyol,10286,Coliseum Alfonso Pérez,Jorge Figueroa,Match Report,
17,Sun,2023-01-15,16:15 (10:15),Almería,1.4,1–1,2.4,Atlético Madrid,14128,Power Horse Stadium,José Sánchez,Match Report,
17,Mon,2023-01-16,21:00 (15:00),Cádiz,1.6,1–1,0.6,Elche,17389,Estadio Nuevo Mirandilla,Carlos del Cerro,Match Report,
,,,,,,,,,,,,,
18,Fri,2023-01-20,21:00 (15:00),Mallorca,0.5,1–0,0.5,Celta Vigo,12253,Iberostar Estadi,Juan Pulido,Match Report,
18,Sat,2023-01-21,14:00 (08:00),Rayo Vallecano,0.9,0–2,1.6,Real Sociedad,12874,Estadio del Rayo Vallecano,Antonio Matéu,Match Report,
18,Sat,2023-01-21,16:15 (10:15),Espanyol,2.3,1–0,0.9,Betis,20811,RCDE Stadium,Pablo González,Match Report,
18,Sat,2023-01-21,18:30 (12:30),Atlético Madrid,3.3,3–0,0.5,Valladolid,53253,Estadio Cívitas Metropolitano,Ricardo de Burgos,Match Report,
18,Sat,2023-01-21,21:00 (15:00),Sevilla,1.7,1–0,0.1,Cádiz,37400,Estadio Ramón Sánchez Pizjuán,Alejandro Hernández,Match Report,
18,Sun,2023-01-22,14:00 (08:00),Villarreal,2.5,1–0,0.6,Girona,15129,Estadio de la Cerámica,Carlos del Cerro,Match Report,
18,Sun,2023-01-22,16:15 (10:15),Elche,1.2,1–1,0.5,Osasuna,17589,Estadio Manuel Martínez Valero,Alejandro Muñíz,Match Report,
18,Sun,2023-01-22,18:30 (12:30),Barcelona,0.7,1–0,1.1,Getafe,79814,Camp Nou,Javier Villanueva,Match Report,
18,Sun,2023-01-22,21:00 (15:00),Athletic Club,1.1,0–2,1.1,Real Madrid,49316,San Mamés,José Sánchez,Match Report,
18,Mon,2023-01-23,21:00 (15:00),Valencia,1.9,2–2,1.4,Almería,33442,Estadio de Mestalla,Jesús Gil,Match Report,
,,,,,,,,,,,,,
19,Fri,2023-01-27,21:00 (15:00),Almería,2.1,3–1,0.8,Espanyol,11629,Power Horse Stadium,Javier Villanueva,Match Report,
19,Sat,2023-01-28,14:00 (08:00),Cádiz,1.9,2–0,0.4,Mallorca,16117,Estadio Nuevo Mirandilla,Ricardo de Burgos,Match Report,
19,Sat,2023-01-28,16:15 (10:15),Girona,1.1,0–1,1.1,Barcelona,13402,Estadi Municipal de Montilivi,Alejandro Muñíz,Match Report,
19,Sat,2023-01-28,18:30 (12:30),Sevilla,3.2,3–0,0.4,Elche,35567,Estadio Ramón Sánchez Pizjuán,César Soto,Match Report,
19,Sat,2023-01-28,21:00 (15:00),Getafe,0.3,0–1,1.7,Betis,11851,Coliseum Alfonso Pérez,Guillermo Cuadra,Match Report,
19,Sun,2023-01-29,14:00 (08:00),Valladolid,1.5,1–0,1.2,Valencia,19675,Estadio Municipal José Zorrilla,Jorge Figueroa,Match Report,
19,Sun,2023-01-29,16:15 (10:15),Osasuna,0.9,0–1,1.6,Atlético Madrid,20902,Estadio El Sadar,Alberola Rojas,Match Report,
19,Sun,2023-01-29,18:30 (12:30),Celta Vigo,0.7,1–0,0.4,Athletic Club,14754,Estadio de Balaídos,Isidro Díaz de Mera,Match Report,
19,Sun,2023-01-29,21:00 (15:00),Real Madrid,1.3,0–0,0.4,Real Sociedad,58129,Estadio Santiago Bernabéu,Mario Melero,Match Report,
19,Mon,2023-01-30,21:00 (15:00),Villarreal,0.8,0–1,1.0,Rayo Vallecano,14378,Estadio de la Cerámica,Juan Pulido,Match Report,
,,,,,,,,,,,,,
17,Wed,2023-02-01,21:00 (15:00),Betis,0.6,1–2,1.9,Barcelona,48181,Estadio Benito Villamarín,Ricardo de Burgos,Match Report,
17,Thu,2023-02-02,21:00 (15:00),Real Madrid,2.3,2–0,0.2,Valencia,51926,Estadio Santiago Bernabéu,Alberola Rojas,Match Report,
,,,,,,,,,,,,,
20,Fri,2023-02-03,21:00 (15:00),Athletic Club,1.7,4–1,1.6,Cádiz,42916,San Mamés,Valentín Pizarro,Match Report,
20,Sat,2023-02-04,14:00 (08:00),Espanyol,1.4,1–1,0.9,Osasuna,22438,RCDE Stadium,Jesús Gil,Match Report,
20,Sat,2023-02-04,16:15 (10:15),Elche,3.0,3–1,1.4,Villarreal,18421,Estadio Manuel Martínez Valero,José Luis Munuera,Match Report,
20,Sat,2023-02-04,18:30 (12:30),Atlético Madrid,0.7,1–1,1.2,Getafe,56079,Estadio Cívitas Metropolitano,Antonio Matéu,Match Report,
20,Sat,2023-02-04,21:00 (15:00),Betis,3.4,3–4,1.9,Celta Vigo,46595,Estadio Benito Villamarín,Carlos del Cerro,Match Report,
20,Sun,2023-02-05,14:00 (08:00),Mallorca,0.2,1–0,1.7,Real Madrid,18258,Iberostar Estadi,Alejandro Hernández,Match Report,
20,Sun,2023-02-05,16:15 (10:15),Girona,2.3,1–0,1.0,Valencia,10732,Estadi Municipal de Montilivi,Javier Villanueva,Match Report,
20,Sun,2023-02-05,18:30 (12:30),Real Sociedad,1.2,0–1,0.7,Valladolid,32214,Reale Arena,Pablo González,Match Report,
20,Sun,2023-02-05,21:00 (15:00),Barcelona,2.7,3–0,0.1,Sevilla,77987,Camp Nou,José Sánchez,Match Report,
20,Mon,2023-02-06,21:00 (15:00),Rayo Vallecano,1.2,2–0,1.2,Almería,11783,Estadio del Rayo Vallecano,César Soto,Match Report,
,,,,,,,,,,,,,
21,Fri,2023-02-10,21:00 (15:00),Cádiz,0.7,2–0,0.2,Girona,14873,Estadio Nuevo Mirandilla,Juan Pulido,Match Report,
21,Sat,2023-02-11,16:15 (10:15),Almería,2.2,2–3,2.6,Betis,14288,Power Horse Stadium,Alberola Rojas,Match Report,
21,Sat,2023-02-11,18:30 (12:30),Sevilla,2.1,2–0,0.2,Mallorca,35150,Estadio Ramón Sánchez Pizjuán,Javier Villanueva,Match Report,
21,Sat,2023-02-11,21:00 (15:00),Valencia,1.5,1–2,1.3,Athletic Club,36688,Estadio de Mestalla,César Soto,Match Report,
21,Sun,2023-02-12,14:00 (08:00),Getafe,1.5,1–1,2.1,Rayo Vallecano,12042,Coliseum Alfonso Pérez,Isidro Díaz de Mera,Match Report,
21,Sun,2023-02-12,16:15 (10:15),Celta Vigo,1.1,0–1,1.0,Atlético Madrid,15842,Estadio de Balaídos,Jorge Figueroa,Match Report,
21,Sun,2023-02-12,18:30 (12:30),Valladolid,1.5,0–0,0.7,Osasuna,21044,Estadio Municipal José Zorrilla,Guillermo Cuadra,Match Report,
21,Sun,2023-02-12,21:00 (15:00),Villarreal,1.1,0–1,1.5,Barcelona,21178,Estadio de la Cerámica,Alejandro Hernández,Match Report,
21,Mon,2023-02-13,21:00 (15:00),Espanyol,1.1,2–3,1.4,Real Sociedad,15867,RCDE Stadium,Alejandro Muñíz,Match Report,
21,Wed,2023-02-15,21:00 (15:00),Real Madrid,4.2,4–0,0.6,Elche,44319,Estadio Santiago Bernabéu,Ricardo de Burgos,Match Report,
,,,,,,,,,,,,,
22,Fri,2023-02-17,21:00 (15:00),Girona,2.9,6–2,1.7,Almería,8879,Estadi Municipal de Montilivi,Valentín Pizarro,Match Report,
22,Sat,2023-02-18,14:00 (08:00),Real Sociedad,1.2,1–1,1.4,Celta Vigo,29312,Reale Arena,Miguel Ángel Ortiz Arias,Match Report,
22,Sat,2023-02-18,16:15 (10:15),Betis,2.5,2–1,0.9,Valladolid,51396,Estadio Benito Villamarín,Antonio Matéu,Match Report,
22,Sat,2023-02-18,18:30 (12:30),Mallorca,2.3,4–2,1.2,Villarreal,13957,Iberostar Estadi,José Sánchez,Match Report,
22,Sat,2023-02-18,21:00 (15:00),Osasuna,0.5,0–2,1.3,Real Madrid,21668,Estadio El Sadar,José Luis Munuera,Match Report,
22,Sun,2023-02-19,14:00 (08:00),Elche,1.6,0–1,1.2,Espanyol,18963,Estadio Manuel Martínez Valero,Carlos del Cerro,Match Report,
22,Sun,2023-02-19,16:15 (10:15),Rayo Vallecano,1.3,1–1,0.5,Sevilla,13294,Estadio del Rayo Vallecano,Jesús Gil,Match Report,
22,Sun,2023-02-19,18:30 (12:30),Atlético Madrid,1.1,1–0,0.8,Athletic Club,61617,Estadio Cívitas Metropolitano,Juan Martínez,Match Report,
22,Sun,2023-02-19,21:00 (15:00),Barcelona,2.1,2–0,1.3,Cádiz,72010,Camp Nou,Pablo González,Match Report,
22,Mon,2023-02-20,21:00 (15:00),Getafe,1.7,1–0,0.9,Valencia,10112,Coliseum Alfonso Pérez,Mario Melero,Match Report,
,,,,,,,,,,,,,
23,Fri,2023-02-24,21:00 (15:00),Elche,1.0,2–3,4.1,Betis,20643,Estadio Manuel Martínez Valero,Javier Villanueva,Match Report,
23,Sat,2023-02-25,14:00 (08:00),Espanyol,,,,Mallorca,,RCDE Stadium,,Head-to-Head,
23,Sat,2023-02-25,16:15 (10:15),Cádiz,,,,Rayo Vallecano,,Estadio Nuevo Mirandilla,,Head-to-Head,
23,Sat,2023-02-25,18:30 (12:30),Real Madrid,,,,Atlético Madrid,,Estadio Santiago Bernabéu,,Head-to-Head,
23,Sat,2023-02-25,21:00 (15:00),Valencia,,,,Real Sociedad,,Estadio de Mestalla,,Head-to-Head,
23,Sun,2023-02-26,14:00 (08:00),Athletic Club,,,,Girona,,San Mamés,,Head-to-Head,
23,Sun,2023-02-26,16:15 (10:15),Celta Vigo,,,,Valladolid,,Estadio de Balaídos,,Head-to-Head,
23,Sun,2023-02-26,18:30 (12:30),Almería,,,,Barcelona,,Power Horse Stadium,,Head-to-Head,
23,Sun,2023-02-26,21:00 (15:00),Sevilla,,,,Osasuna,,Estadio Ramón Sánchez Pizjuán,,Head-to-Head,
23,Mon,2023-02-27,21:00 (15:00),Villarreal,,,,Getafe,,Estadio de la Cerámica,,Head-to-Head,
,,,,,,,,,,,,,
24,Fri,2023-03-03,21:00 (15:00),Real Sociedad,,,,Cádiz,,Reale Arena,,Head-to-Head,
24,Sat,2023-03-04,14:00 (08:00),Getafe,,,,Girona,,Coliseum Alfonso Pérez,,Head-to-Head,
24,Sat,2023-03-04,16:15 (10:15),Almería,,,,Villarreal,,Power Horse Stadium,,Head-to-Head,
24,Sat,2023-03-04,18:30 (12:30),Mallorca,,,,Elche,,Iberostar Estadi,,Head-to-Head,
24,Sat,2023-03-04,21:00 (15:00),Atlético Madrid,,,,Sevilla,,Estadio Cívitas Metropolitano,,Head-to-Head,
24,Sun,2023-03-05,14:00 (08:00),Valladolid,,,,Espanyol,,Estadio Municipal José Zorrilla,,Head-to-Head,
24,Sun,2023-03-05,16:15 (10:15),Barcelona,,,,Valencia,,Camp Nou,,Head-to-Head,
24,Sun,2023-03-05,18:30 (12:30),Rayo Vallecano,,,,Athletic Club,,Estadio del Rayo Vallecano,,Head-to-Head,
24,Sun,2023-03-05,21:00 (15:00),Betis,,,,Real Madrid,,Estadio Benito Villamarín,,Head-to-Head,
24,Mon,2023-03-06,21:00 (15:00),Osasuna,,,,Celta Vigo,,Estadio El Sadar,,Head-to-Head,
,,,,,,,,,,,,,
25,Fri,2023-03-10,21:00 (15:00),Cádiz,,,,Getafe,,Estadio Nuevo Mirandilla,,Head-to-Head,
25,Sat,2023-03-11,14:00 (08:00),Real Madrid,,,,Espanyol,,Estadio Santiago Bernabéu,,Head-to-Head,
25,Sat,2023-03-11,16:15 (10:15),Elche,,,,Valladolid,,Estadio Manuel Martínez Valero,,Head-to-Head,
25,Sat,2023-03-11,18:30 (12:30),Celta Vigo,,,,Rayo Vallecano,,Estadio de Balaídos,,Head-to-Head,
25,Sat,2023-03-11,21:00 (15:00),Valencia,,,,Osasuna,,Estadio de Mestalla,,Head-to-Head,
25,Sun,2023-03-12,14:00 (09:00),Mallorca,,,,Real Sociedad,,Iberostar Estadi,,Head-to-Head,
25,Sun,2023-03-12,16:15 (11:15),Sevilla,,,,Almería,,Estadio Ramón Sánchez Pizjuán,,Head-to-Head,
25,Sun,2023-03-12,18:30 (13:30),Villarreal,,,,Betis,,Estadio de la Cerámica,,Head-to-Head,
25,Sun,2023-03-12,21:00 (16:00),Athletic Club,,,,Barcelona,,San Mamés,,Head-to-Head,
25,Mon,2023-03-13,21:00 (16:00),Girona,,,,Atlético Madrid,,Estadi Municipal de Montilivi,,Head-to-Head,
,,,,,,,,,,,,,
26,Fri,2023-03-17,21:00 (16:00),Valladolid,,,,Athletic Club,,Estadio Municipal José Zorrilla,,Head-to-Head,
26,Sat,2023-03-18,14:00 (09:00),Almería,,,,Cádiz,,Power Horse Stadium,,Head-to-Head,
26,Sat,2023-03-18,16:15 (11:15),Rayo Vallecano,,,,Girona,,Estadio del Rayo Vallecano,,Head-to-Head,
26,Sat,2023-03-18,18:30 (13:30),Espanyol,,,,Celta Vigo,,RCDE Stadium,,Head-to-Head,
26,Sat,2023-03-18,21:00 (16:00),Atlético Madrid,,,,Valencia,,Estadio Cívitas Metropolitano,,Head-to-Head,
26,Sun,2023-03-19,14:00 (09:00),Betis,,,,Mallorca,,Estadio Benito Villamarín,,Head-to-Head,
26,Sun,2023-03-19,16:15 (11:15),Osasuna,,,,Villarreal,,Estadio El Sadar,,Head-to-Head,
26,Sun,2023-03-19,16:15 (11:15),Real Sociedad,,,,Elche,,Reale Arena,,Head-to-Head,
26,Sun,2023-03-19,18:30 (13:30),Getafe,,,,Sevilla,,Coliseum Alfonso Pérez,,Head-to-Head,
26,Sun,2023-03-19,21:00 (16:00),Barcelona,,,,Real Madrid,,Camp Nou,,Head-to-Head,
,,,,,,,,,,,,,
27,Sun,2023-04-02,,Elche,,,,Barcelona,,Estadio Manuel Martínez Valero,,Head-to-Head,
27,Sun,2023-04-02,,Girona,,,,Espanyol,,Estadi Municipal de Montilivi,,Head-to-Head,
27,Sun,2023-04-02,,Celta Vigo,,,,Almería,,Estadio de Balaídos,,Head-to-Head,
27,Sun,2023-04-02,,Atlético Madrid,,,,Betis,,Estadio Cívitas Metropolitano,,Head-to-Head,
27,Sun,2023-04-02,,Villarreal,,,,Real Sociedad,,Estadio de la Cerámica,,Head-to-Head,
27,Sun,2023-04-02,,Cádiz,,,,Sevilla,,Estadio Nuevo Mirandilla,,Head-to-Head,
27,Sun,2023-04-02,,Mallorca,,,,Osasuna,,Iberostar Estadi,,Head-to-Head,
27,Sun,2023-04-02,,Valencia,,,,Rayo Vallecano,,Estadio de Mestalla,,Head-to-Head,
27,Sun,2023-04-02,,Real Madrid,,,,Valladolid,,Estadio Santiago Bernabéu,,Head-to-Head,
27,Sun,2023-04-02,,Athletic Club,,,,Getafe,,San Mamés,,Head-to-Head,
,,,,,,,,,,,,,
28,Sun,2023-04-09,,Almería,,,,Valencia,,,,Head-to-Head,
28,Sun,2023-04-09,,Barcelona,,,,Girona,,,,Head-to-Head,
28,Sun,2023-04-09,,Real Sociedad,,,,Getafe,,,,Head-to-Head,
28,Sun,2023-04-09,,Osasuna,,,,Elche,,,,Head-to-Head,
28,Sun,2023-04-09,,Valladolid,,,,Mallorca,,,,Head-to-Head,
28,Sun,2023-04-09,,Sevilla,,,,Celta Vigo,,,,Head-to-Head,
28,Sun,2023-04-09,,Espanyol,,,,Athletic Club,,,,Head-to-Head,
28,Sun,2023-04-09,,Real Madrid,,,,Villarreal,,,,Head-to-Head,
28,Sun,2023-04-09,,Rayo Vallecano,,,,Atlético Madrid,,,,Head-to-Head,
28,Sun,2023-04-09,,Betis,,,,Cádiz,,,,Head-to-Head,
,,,,,,,,,,,,,
29,Sun,2023-04-16,,Girona,,,,Elche,,,,Head-to-Head,
29,Sun,2023-04-16,,Betis,,,,Espanyol,,,,Head-to-Head,
29,Sun,2023-04-16,,Cádiz,,,,Real Madrid,,,,Head-to-Head,
29,Sun,2023-04-16,,Celta Vigo,,,,Mallorca,,,,Head-to-Head,
29,Sun,2023-04-16,,Athletic Club,,,,Real Sociedad,,,,Head-to-Head,
29,Sun,2023-04-16,,Villarreal,,,,Valladolid,,,,Head-to-Head,
29,Sun,2023-04-16,,Valencia,,,,Sevilla,,,,Head-to-Head,
29,Sun,2023-04-16,,Rayo Vallecano,,,,Osasuna,,,,Head-to-Head,
29,Sun,2023-04-16,,Getafe,,,,Barcelona,,,,Head-to-Head,
29,Sun,2023-04-16,,Atlético Madrid,,,,Almería,,,,Head-to-Head,
,,,,,,,,,,,,,
30,Sun,2023-04-23,,Osasuna,,,,Betis,,,,Head-to-Head,
30,Sun,2023-04-23,,Valladolid,,,,Girona,,,,Head-to-Head,
30,Sun,2023-04-23,,Elche,,,,Valencia,,,,Head-to-Head,
30,Sun,2023-04-23,,Sevilla,,,,Villarreal,,,,Head-to-Head,
30,Sun,2023-04-23,,Barcelona,,,,Atlético Madrid,,,,Head-to-Head,
30,Sun,2023-04-23,,Real Madrid,,,,Celta Vigo,,,,Head-to-Head,
30,Sun,2023-04-23,,Mallorca,,,,Getafe,,,,Head-to-Head,
30,Sun,2023-04-23,,Real Sociedad,,,,Rayo Vallecano,,,,Head-to-Head,
30,Sun,2023-04-23,,Almería,,,,Athletic Club,,,,Head-to-Head,
30,Sun,2023-04-23,,Espanyol,,,,Cádiz,,,,Head-to-Head,
,,,,,,,,,,,,,
31,Wed,2023-04-26,,Rayo Vallecano,,,,Barcelona,,,,Head-to-Head,
31,Wed,2023-04-26,,Girona,,,,Real Madrid,,,,Head-to-Head,
31,Wed,2023-04-26,,Valencia,,,,Valladolid,,,,Head-to-Head,
31,Wed,2023-04-26,,Cádiz,,,,Osasuna,,,,Head-to-Head,
31,Wed,2023-04-26,,Athletic Club,,,,Sevilla,,,,Head-to-Head,
31,Wed,2023-04-26,,Betis,,,,Real Sociedad,,,,Head-to-Head,
31,Wed,2023-04-26,,Celta Vigo,,,,Elche,,,,Head-to-Head,
31,Wed,2023-04-26,,Villarreal,,,,Espanyol,,,,Head-to-Head,
31,Wed,2023-04-26,,Getafe,,,,Almería,,,,Head-to-Head,
31,Wed,2023-04-26,,Atlético Madrid,,,,Mallorca,,,,Head-to-Head,
,,,,,,,,,,,,,
32,Sun,2023-04-30,,Real Madrid,,,,Almería,,,,Head-to-Head,
32,Sun,2023-04-30,,Osasuna,,,,Real Sociedad,,,,Head-to-Head,
32,Sun,2023-04-30,,Barcelona,,,,Betis,,,,Head-to-Head,
32,Sun,2023-04-30,,Mallorca,,,,Athletic Club,,,,Head-to-Head,
32,Sun,2023-04-30,,Cádiz,,,,Valencia,,,,Head-to-Head,
32,Sun,2023-04-30,,Espanyol,,,,Getafe,,,,Head-to-Head,
32,Sun,2023-04-30,,Valladolid,,,,Atlético Madrid,,,,Head-to-Head,
32,Sun,2023-04-30,,Villarreal,,,,Celta Vigo,,,,Head-to-Head,
32,Sun,2023-04-30,,Elche,,,,Rayo Vallecano,,,,Head-to-Head,
32,Sun,2023-04-30,,Sevilla,,,,Girona,,,,Head-to-Head,
,,,,,,,,,,,,,
33,Wed,2023-05-03,,Getafe,,,,Celta Vigo,,,,Head-to-Head,
33,Wed,2023-05-03,,Real Sociedad,,,,Real Madrid,,,,Head-to-Head,
33,Wed,2023-05-03,,Valencia,,,,Villarreal,,,,Head-to-Head,
33,Wed,2023-05-03,,Almería,,,,Elche,,,,Head-to-Head,
33,Wed,2023-05-03,,Girona,,,,Mallorca,,,,Head-to-Head,
33,Wed,2023-05-03,,Rayo Vallecano,,,,Valladolid,,,,Head-to-Head,
33,Wed,2023-05-03,,Sevilla,,,,Espanyol,,,,Head-to-Head,
33,Wed,2023-05-03,,Barcelona,,,,Osasuna,,,,Head-to-Head,
33,Wed,2023-05-03,,Athletic Club,,,,Betis,,,,Head-to-Head,
33,Wed,2023-05-03,,Atlético Madrid,,,,Cádiz,,,,Head-to-Head,
,,,,,,,,,,,,,
34,Sun,2023-05-14,,Real Sociedad,,,,Girona,,,,Head-to-Head,
34,Sun,2023-05-14,,Celta Vigo,,,,Valencia,,,,Head-to-Head,
34,Sun,2023-05-14,,Espanyol,,,,Barcelona,,,,Head-to-Head,
34,Sun,2023-05-14,,Villarreal,,,,Athletic Club,,,,Head-to-Head,
34,Sun,2023-05-14,,Osasuna,,,,Almería,,,,Head-to-Head,
34,Sun,2023-05-14,,Valladolid,,,,Sevilla,,,,Head-to-Head,
34,Sun,2023-05-14,,Betis,,,,Rayo Vallecano,,,,Head-to-Head,
34,Sun,2023-05-14,,Mallorca,,,,Cádiz,,,,Head-to-Head,
34,Sun,2023-05-14,,Elche,,,,Atlético Madrid,,,,Head-to-Head,
34,Sun,2023-05-14,,Real Madrid,,,,Getafe,,,,Head-to-Head,
,,,,,,,,,,,,,
35,Sun,2023-05-21,,Getafe,,,,Elche,,,,Head-to-Head,
35,Sun,2023-05-21,,Girona,,,,Villarreal,,,,Head-to-Head,
35,Sun,2023-05-21,,Valencia,,,,Real Madrid,,,,Head-to-Head,
35,Sun,2023-05-21,,Rayo Vallecano,,,,Espanyol,,,,Head-to-Head,
35,Sun,2023-05-21,,Cádiz,,,,Valladolid,,,,Head-to-Head,
35,Sun,2023-05-21,,Atlético Madrid,,,,Osasuna,,,,Head-to-Head,
35,Sun,2023-05-21,,Athletic Club,,,,Celta Vigo,,,,Head-to-Head,
35,Sun,2023-05-21,,Barcelona,,,,Real Sociedad,,,,Head-to-Head,
35,Sun,2023-05-21,,Almería,,,,Mallorca,,,,Head-to-Head,
35,Sun,2023-05-21,,Sevilla,,,,Betis,,,,Head-to-Head,
,,,,,,,,,,,,,
36,Wed,2023-05-24,,Espanyol,,,,Atlético Madrid,,,,Head-to-Head,
36,Wed,2023-05-24,,Betis,,,,Getafe,,,,Head-to-Head,
36,Wed,2023-05-24,,Celta Vigo,,,,Girona,,,,Head-to-Head,
36,Wed,2023-05-24,,Real Sociedad,,,,Almería,,,,Head-to-Head,
36,Wed,2023-05-24,,Elche,,,,Sevilla,,,,Head-to-Head,
36,Wed,2023-05-24,,Mallorca,,,,Valencia,,,,Head-to-Head,
36,Wed,2023-05-24,,Valladolid,,,,Barcelona,,,,Head-to-Head,
36,Wed,2023-05-24,,Real Madrid,,,,Rayo Vallecano,,,,Head-to-Head,
36,Wed,2023-05-24,,Osasuna,,,,Athletic Club,,,,Head-to-Head,
36,Wed,2023-05-24,,Villarreal,,,,Cádiz,,,,Head-to-Head,
,,,,,,,,,,,,,
37,Sun,2023-05-28,,Valencia,,,,Espanyol,,,,Head-to-Head,
37,Sun,2023-05-28,,Athletic Club,,,,Elche,,,,Head-to-Head,
37,Sun,2023-05-28,,Girona,,,,Betis,,,,Head-to-Head,
37,Sun,2023-05-28,,Rayo Vallecano,,,,Villarreal,,,,Head-to-Head,
37,Sun,2023-05-28,,Almería,,,,Valladolid,,,,Head-to-Head,
37,Sun,2023-05-28,,Atlético Madrid,,,,Real Sociedad,,,,Head-to-Head,
37,Sun,2023-05-28,,Cádiz,,,,Celta Vigo,,,,Head-to-Head,
37,Sun,2023-05-28,,Barcelona,,,,Mallorca,,,,Head-to-Head,
37,Sun,2023-05-28,,Getafe,,,,Osasuna,,,,Head-to-Head,
37,Sun,2023-05-28,,Sevilla,,,,Real Madrid,,,,Head-to-Head,
,,,,,,,,,,,,,
38,Sun,2023-06-04,,Valladolid,,,,Getafe,,,,Head-to-Head,
38,Sun,2023-06-04,,Villarreal,,,,Atlético Madrid,,,,Head-to-Head,
38,Sun,2023-06-04,,Betis,,,,Valencia,,,,Head-to-Head,
38,Sun,2023-06-04,,Real Sociedad,,,,Sevilla,,,,Head-to-Head,
38,Sun,2023-06-04,,Elche,,,,Cádiz,,,,Head-to-Head,
38,Sun,2023-06-04,,Celta Vigo,,,,Barcelona,,,,Head-to-Head,
38,Sun,2023-06-04,,Espanyol,,,,Almería,,,,Head-to-Head,
38,Sun,2023-06-04,,Real Madrid,,,,Athletic Club,,,,Head-to-Head,
38,Sun,2023-06-04,,Osasuna,,,,Girona,,,,Head-to-Head,
38,Sun,2023-06-04,,Mallorca,,,,Rayo Vallecano,,,,Head-to-Head,